firstname_asc,firstname,freq
Abadia,Abadia,3
Abel,Abel,17
Abelardo,Abelardo,7
Abilio,Abílio,22
Abraao,Abraão,33
Abrahao,Abrahão,14
Abrao,Abrão,11
Absalao,Absalão,3
Acacia,Acácia,7
Acacio,Acácio,31
Acassio,Acássio,3
Acelio,Acélio,3
Adail,Adail,6
Adailson,Adailson,4
Adailton,Adailton,13
Adailton,Adaílton,3
Adair,Adair,23
Adalberto,Adalberto,31
Adalto,Adalto,4
Adalton,Adalton,3
Adao,Adão,346
Adauto,Adauto,10
Adecio,Adécio,7
Adeildo,Adeildo,7
Adeilson,Adeilson,4
Adeilton,Adeilton,6
Adelar,Adelar,5
Adelcio,Adélcio,7
Adelia,Adélia,21
Adelicio,Adelício,3
Adelino,Adelino,13
Adelio,Adélio,16
Adelir,Adelir,4
Adelmar,Adelmar,3
Adelmo,Adelmo,10
Adelson,Adelson,21
Ademar,Ademar,44
Ademario,Ademário,11
Ademilson,Ademilson,7
Ademilton,Ademilton,4
Ademir,Ademir,73
Adenir,Adenir,6
Aderaldo,Aderaldo,3
Aderbal,Aderbal,3
Aderson,Aderson,9
Adevaldo,Adevaldo,7
Adiel,Adiel,3
Adilson,Adilson,68
Adilson,Adílson,3
Adinaldo,Adinaldo,3
Adir,Adir,4
Admar,Admar,3
Admilson,Admilson,7
Admir,Admir,5
Adolfo,Adolfo,12
Adoniran,Adoniran,3
Adriana,Adriana,30
Adriano,Adriano,65
Aecio,Aecio,3
Aecio,Aécio,28
Aercio,Aércio,4
Afonso,Afonso,24
Afranio,Afrânio,31
Agamenon,Agamenon,7
Agenor,Agenor,24
Agnaldo,Agnaldo,28
Agostinho,Agostinho,20
Agricio,Agrício,3
Agrinaldo,Agrinaldo,3
Aguimar,Aguimar,3
Aguinaldo,Aguinaldo,14
Ailson,Ailson,6
Ailton,Ailton,55
Ailton,Aílton,4
Aimore,Aimoré,4
Airton,Airton,32
Airton,Aírton,4
Alaide,Alaide,3
Alaide,Alaíde,13
Alaides,Alaídes,3
Alair,Alair,8
Alan,Alan,10
Alaor,Alaôr,4
Alba,Alba,7
Alberico,Albérico,4
Alberio,Albério,3
Albertina,Albertina,5
Alberto,Alberto,70
Albino,Albino,8
Alcebiades,Alcebíades,12
Alcedir,Alcedir,3
Alcemir,Alcemir,6
Alceu,Alceu,13
Alcides,Alcides,37
Alcidio,Alcídio,7
Alcindo,Alcindo,6
Alcino,Alcino,4
Alcione,Alcione,10
Alcir,Alcir,8
Aldair,Aldair,8
Aldemir,Aldemir,7
Aldenir,Aldenir,4
Aldenor,Aldenor,4
Alderico,Aldérico,5
Aldir,Aldir,3
Aldo,Aldo,23
Alecio,Alécio,15
Alencar,Alencar,5
Alessandra,Alessandra,5
Alessandro,Alessandro,14
Alessio,Aléssio,3
Alex,Alex,28
Alexandre,Alexandre,88
Alexandro,Alexandro,3
Alexis,Alexis,3
Alexsandro,Alexsandro,9
Alfeu,Alfeu,3
Alfredo,Alfredo,36
Alice,Alice,9
Alicio,Alicio,3
Alicio,Alício,10
Aline,Aline,7
Alipio,Alípio,16
Alirio,Alírio,20
Allan,Allan,5
Almerinda,Almerinda,4
Almerindo,Almerindo,3
Almerio,Almério,3
Almir,Almir,44
Almiro,Almiro,10
Aloisio,Aloisio,8
Aloisio,Aloísio,53
Aloizio,Aloízio,7
Aloncio,Alôncio,5
Alonso,Alonso,3
Altair,Altair,23
Altamir,Altamir,5
Altamiro,Altamiro,8
Altemar,Altemar,8
Altemir,Altemir,4
Aluisio,Aluisio,6
Aluisio,Aluísio,26
Aluizio,Aluizio,9
Aluizio,Aluízio,35
Alvaro,Alvaro,18
Alvaro,Álvaro,90
Alvimar,Alvimar,3
Alvino,Alvino,4
Alzira,Alzira,6
Amadeu,Amadeu,10
Amador,Amador,3
Amalia,Amália,4
Amancio,Amâncio,7
Amarildo,Amarildo,35
Amarilio,Amarílio,4
Amaro,Amaro,29
Amauri,Amauri,13
Amaury,Amaury,6
Ambrosio,Ambrósio,6
Amelia,Amelia,3
Amelia,Amélia,18
Amelio,Amélio,10
America,América,4
Americo,Américo,55
Amilcar,Amilcar,5
Amilton,Amilton,15
Amos,Amós,8
Ana,Ana,259
Anacleto,Anacleto,5
Analia,Anália,7
Ananias,Ananias,11
Anastacio,Anastácio,14
Anderson,Anderson,33
Andre,Andre,7
Andre,André,483
Andrea,Andrea,5
Andrea,Andréa,38
Andreia,Andreia,5
Andreia,Andréia,37
Anesia,Anésia,3
Anesio,Anésio,28
Anezio,Anézio,14
Angela,Angela,19
Angela,Ângela,65
Angelica,Angélica,19
Angelo,Angelo,16
Angelo,Ângelo,66
Anibal,Anibal,4
Anibal,Aníbal,10
Anildo,Anildo,3
Anilton,Anilton,4
Anisio,Anisio,4
Anisio,Anísio,28
Anita,Anita,4
Anivaldo,Anivaldo,5
Anizio,Anizio,4
Anizio,Anízio,14
Anna,Anna,3
Anselmo,Anselmo,14
Antao,Antão,6
Antenor,Antenor,11
Anterio,Antério,3
Antero,Antero,4
Antonia,Antonia,31
Antonia,Antônia,95
Antonieta,Antoniêta,3
Antoninho,Antoninho,3
Antonino,Antonino,4
Antonio,Antonio,931
Antonio,António,3
Antonio,Antônio,3388
Antonio,Antõnio,22
Aparecida,Aparecida,50
Aparecido,Aparecido,56
Aparicio,Aparício,8
Apolinario,Apolinário,7
Apolonio,Apolônio,4
Aquiles,Aquiles,3
Arao,Arão,11
Araujo,Araújo,3
Arcelio,Arcélio,4
Argemiro,Argemiro,7
Argeu,Argeu,3
Ari,Ari,21
Ariel,Ariel,4
Arildo,Arildo,8
Arilson,Arilson,3
Arilton,Arilton,3
Ariovaldo,Ariovaldo,6
Arisio,Arísio,3
Arismar,Arismar,3
Aristeu,Aristeu,7
Aristides,Aristides,11
Ariston,Ariston,4
Aristoteles,Aristóteles,12
Arlei,Arlei,4
Arlene,Arlene,3
Arlete,Arlete,8
Arlindo,Arlindo,34
Armando,Armando,41
Armindo,Armindo,4
Arnaldo,Arnaldo,49
Arnobio,Arnóbio,14
Aroldo,Aroldo,11
Arsenio,Arsênio,8
Artemio,Artêmio,6
Arthur,Arthur,9
Artur,Artur,24
Ary,Ary,18
Ascanio,Ascânio,3
Assis,Assis,4
Assuncao,Assunção,4
Asterio,Astério,5
Ataide,Ataíde,23
Ataides,Ataídes,9
Atalibio,Atalíbio,3
Atenor,Atenor,3
Athayde,Athayde,3
Atila,Átila,14
Atilio,Atílio,8
Audalio,Audálio,5
Augusto,Augusto,51
Aurea,Aurea,4
Aurea,Áurea,7
Aurelio,Aurélio,51
Aureo,Aureo,5
Aureo,Áureo,12
Auri,Auri,3
Auricelia,Auricélia,4
Auricelio,Auricélio,3
Aurindo,Aurindo,4
Avelino,Avelino,4
Ayrton,Ayrton,4
Balduino,Balduíno,3
Baltazar,Baltazar,4
Barbara,Bárbara,9
Bartolomeu,Bartolomeu,9
Basilio,Basílio,7
Beatriz,Beatriz,5
Belchior,Belchior,4
Benedicto,Benedicto,3
Benedita,Benedita,18
Benedito,Benedito,155
Benicio,Benício,10
Benito,Benito,3
Benjamin,Benjamin,4
Bento,Bento,12
Bernardino,Bernardino,5
Bernardo,Bernardo,10
Boaventura,Boaventura,3
Bolivar,Bolivar,4
Bonifacio,Bonifácio,7
Bras,Brás,5
Braulio,Bráulio,15
Braz,Braz,12
Braz,Bráz,9
Breno,Breno,8
Brigida,Brígida,3
Bruno,Bruno,23
Cacilda,Cacilda,3
Cacio,Cácio,3
Caetano,Caetano,4
Caio,Caio,11
Camilo,Camilo,10
Candida,Cândida,6
Candido,Candido,4
Candido,Cândido,35
Cantidio,Cantídio,3
Carla,Carla,9
Carlito,Carlito,10
Carlos,Carlos,608
Carlucio,Carlúcio,7
Carmelia,Carmélia,3
Carmelio,Carmélio,3
Carmelita,Carmelita,4
Carmem,Carmem,23
Carmen,Carmen,12
Carmo,Carmo,3
Carolina,Carolina,5
Cassia,Cássia,19
Cassiano,Cassiano,4
Cassimiro,Cassimiro,3
Cassio,Cassio,5
Cassio,Cássio,39
Catarina,Catarina,5
Catia,Cátia,8
Cecilia,Cecilia,3
Cecilia,Cecília,37
Cecilio,Cecílio,14
Celco,Celço,3
Celia,Celia,4
Celia,Célia,131
Celina,Celina,3
Celino,Celino,3
Celio,Celio,11
Celio,Célio,229
Celis,Célis,3
Celso,Celso,75
Celson,Celson,4
Cesar,Cesar,23
Cesar,César,88
Cesario,Cesário,9
Cezar,Cezar,5
Cezar,Cézar,19
Cezario,Cezário,3
Charles,Charles,15
Christiano,Christiano,4
Cicera,Cícera,30
Cicero,Cicero,41
Cicero,Cícero,405
Cid,Cid,6
Cinesio,Cinésio,3
Cintia,Cíntia,5
Cirilo,Cirilo,11
Cirineu,Cirineu,4
Cirio,Círio,4
Cirlei,Cirlei,3
Cirlene,Cirlene,4
Ciro,Ciro,7
Clair,Clair,8
Clairton,Clairton,4
Clarice,Clarice,6
Clarindo,Clarindo,6
Claudecir,Claudecir,5
Claudemir,Claudemir,13
Claudenir,Claudenir,5
Claudete,Claudete,7
Claudia,Claudia,15
Claudia,Cláudia,87
Claudia,Claúdia,8
Claudinei,Claudinei,17
Claudineia,Claudinéia,12
Claudiney,Claudiney,4
Claudio,Claudio,74
Claudio,Cláudio,437
Claudio,Claúdio,40
Claudionor,Claudionor,16
Claudomiro,Claudomiro,4
Clayton,Clayton,9
Clea,Cléa,5
Cleber,Cleber,14
Cleber,Cléber,16
Cleberson,Cléberson,3
Clebio,Clébio,4
Clecia,Clécia,3
Clecio,Clécio,27
Cleia,Cléia,10
Cleide,Cleide,6
Cleiton,Cleiton,11
Clelia,Clélia,7
Clelio,Clélio,7
Clemente,Clemente,6
Cleo,Cléo,5
Cleomar,Cleomar,4
Cleonice,Cleonice,8
Cleonir,Cleonir,3
Cleria,Cléria,4
Clerio,Clério,15
Cleriston,Clériston,5
Clesio,Clésio,23
Cleto,Cleto,3
Cleusa,Cleusa,8
Cleuza,Cleuza,6
Clezio,Clézio,6
Clicia,Clícia,3
Clidenor,Clidenor,3
Climerio,Climério,6
Clodoaldo,Clodoaldo,8
Cloves,Cloves,3
Cloves,Clóves,6
Clovis,Clovis,17
Clovis,Clóvis,147
Conceicao,Conceição,47
Constancio,Constâncio,4
Constantino,Constantino,5
Cordelia,Cordélia,3
Cornelio,Cornélio,25
Cosme,Cosme,22
Cosmo,Cosmo,9
Crescencio,Crescêncio,3
Creusa,Creusa,4
Creuza,Creuza,3
Cristiane,Cristiane,7
Cristiano,Cristiano,27
Cristina,Cristina,10
Cristovao,Cristovão,22
Cristovao,Cristóvão,29
Custodio,Custódio,28
Dacio,Dácio,8
Dagoberto,Dagoberto,3
Dalmi,Dalmi,3
Dalmir,Dalmir,3
Dalmo,Dalmo,4
Dalton,Dalton,3
Dalva,Dalva,6
Damasio,Damásio,5
Damazio,Damázio,3
Damiao,Damião,140
Daniel,Daniel,81
Daniela,Daniela,4
Danilo,Danilo,18
Danubia,Danúbia,3
Danubio,Danúbio,3
Darci,Darci,27
Darcio,Dárcio,5
Darcy,Darcy,13
Daria,Dária,3
Dario,Dario,8
Dario,Dário,48
Darley,Darley,3
Dasio,Dásio,3
Davi,Davi,14
Davi,Daví,3
David,David,35
Debora,Débora,45
Decio,Décio,73
Delcidio,Delcídio,3
Delcio,Délcio,16
Delfim,Delfim,3
Delia,Délia,4
Delio,Délio,17
Delmar,Delmar,5
Delmiro,Delmiro,4
Delso,Delso,3
Delson,Delson,6
Demetrio,Demétrio,19
Demilson,Demilson,3
Demostenes,Demóstenes,9
Denilson,Denilson,14
Denilson,Denílson,7
Denio,Dênio,8
Denis,Dênis,5
Denise,Denise,9
Deoclecio,Deoclécio,18
Deraldo,Deraldo,7
Dercilio,Dercílio,8
Dercio,Dércio,5
Derli,Derli,4
Dermival,Dermival,3
Deusdete,Deusdete,8
Diana,Diana,5
Diego,Diego,8
Dilermando,Dilermando,3
Dilma,Dilma,5
Dilmar,Dilmar,4
Dilson,Dilson,14
Dilton,Dilton,3
Dimas,Dimas,14
Dina,Diná,5
Dinalva,Dinalva,3
Diniz,Diniz,3
Dinora,Dinorá,5
Diocelio,Diocélio,3
Dioclecio,Dioclécio,3
Diogenes,Diogenes,4
Diogenes,Diógenes,30
Diogo,Diogo,6
Diomar,Diomar,3
Dione,Dione,3
Dionisio,Dionisio,9
Dionisio,Dionísio,27
Dionizio,Dionízio,9
Dirce,Dirce,6
Dirceu,Dirceu,20
Dirco,Dirço,3
Diva,Diva,5
Divair,Divair,3
Divaldo,Divaldo,5
Divina,Divina,7
Divino,Divino,45
Djalma,Djalma,37
Domicio,Domício,8
Domingas,Domingas,3
Domingos,Domingos,104
Donato,Donato,4
Donizete,Donizete,13
Donizetti,Donizetti,5
Dorival,Dorival,14
Dorotea,Dorotéa,4
Douglas,Douglas,15
Duilio,Duílio,4
Dulcidio,Dulcídio,3
Dulcinea,Dulcinéa,3
Dulcineia,Dulcinéia,7
Durval,Durval,13
Eber,Éber,3
Ecio,Écio,6
Eclesio,Eclésio,3
Edcarlos,Edcarlos,3
Edegar,Edegar,3
Edemar,Edemar,4
Eden,Éden,5
Edenilson,Edenilson,3
Eder,Eder,8
Eder,Éder,29
Ederson,Ederson,4
Edesio,Edésio,23
Edezio,Edézio,7
Edgar,Edgar,16
Edgard,Edgard,3
Edi,Edi,3
Ediel,Ediel,3
Edilene,Edilene,3
Edilson,Edilson,59
Edilson,Edílson,7
Edimar,Edimar,17
Edimario,Edimário,3
Edimilson,Edimilson,9
Edinaldo,Edinaldo,9
Edio,Edio,4
Edio,Édio,29
Edir,Edir,4
Edisio,Edísio,3
Edison,Edison,15
Edival,Edival,6
Edivaldo,Edivaldo,41
Edivan,Edivan,5
Edivanio,Edivânio,5
Edizio,Edízio,3
Edjanio,Edjânio,3
Edmar,Edmar,20
Edmario,Edmário,5
Edmilson,Edmilson,45
Edmilson,Edmílson,3
Edmir,Edmir,3
Edmundo,Edmundo,6
Edna,Edna,15
Edna,Édna,6
Ednaldo,Ednaldo,25
Ednalva,Ednalva,3
Edneia,Ednéia,11
Ednilson,Ednilson,4
Edno,Edno,6
Edson,Edson,156
Edson,Édson,13
Eduardo,Eduardo,101
Edvaldo,Edvaldo,59
Edvan,Edvan,6
Edvania,Edvânia,8
Edvanio,Edvânio,5
Edy,Edy,5
Efigenia,Efigênia,8
Efigenio,Efigênio,6
Efraim,Efraim,3
Egidio,Egidio,4
Egidio,Egídio,12
Eladio,Eládio,8
Elaine,Elaine,9
Elane,Elane,4
Elbio,Élbio,3
Elcias,Elcias,3
Elcio,Elcio,10
Elcio,Élcio,30
Elder,Elder,4
Elder,Élder,3
Eleandro,Eleandro,3
Elenilson,Elenilson,4
Elesbao,Elesbão,5
Eli,Eli,15
Eliana,Eliana,14
Eliandro,Eliandro,3
Eliane,Eliane,24
Eliano,Eliano,4
Elias,Elias,78
Elicio,Elício,3
Elida,Élida,6
Elidio,Elídio,5
Eliel,Eliel,4
Eliene,Eliene,7
Eliesio,Eliésio,3
Eliezer,Eliezer,5
Eliezer,Eliézer,6
Elimar,Elimar,3
Elio,Elio,8
Elio,Élio,30
Eliomar,Eliomar,7
Elis,Elis,5
Elisabete,Elisabete,4
Elisabeth,Elisabeth,3
Elisangela,Elisangela,3
Elisangela,Elisângela,19
Eliseu,Eliseu,9
Elisio,Elísio,12
Elismar,Elismar,3
Eliton,Eliton,4
Elivania,Elivânia,3
Elizabete,Elizabete,9
Elizabeth,Elizabeth,9
Elizangela,Elizângela,6
Elizete,Elizete,3
Elizeu,Elizeu,12
Eliziario,Eliziário,3
Elizio,Elízio,4
Elmar,Elmar,5
Elmo,Elmo,8
Eloi,Eloi,10
Eloi,Elói,18
Eloir,Eloir,6
Eloisa,Eloísa,6
Eloisio,Eloísio,4
Elpidio,Elpidio,5
Elpidio,Elpídio,13
Elson,Elson,13
Elton,Elton,13
Elvecio,Elvécio,4
Elves,Elves,4
Elvio,Élvio,3
Elvis,Elvis,7
Ely,Ely,7
Elza,Elza,9
Emanoel,Emanoel,4
Emanuel,Emanuel,9
Emerson,Emerson,27
Emerson,Émerson,7
Emidio,Emidio,3
Emidio,Emídio,12
Emilia,Emília,12
Emilio,Emilio,5
Emilio,Emílio,33
Eneas,Eneas,3
Eneas,Enéas,20
Eneias,Enéias,12
Enezio,Enézio,3
Enilton,Enilton,3
Enio,Enio,14
Enio,Ênio,27
Enivaldo,Enivaldo,3
Enoque,Enoque,7
Epitacio,Epitácio,18
Eraldo,Eraldo,18
Erasmo,Erasmo,6
Ercilio,Ercílio,9
Ercio,Ércio,4
Erica,Erica,3
Erica,Érica,8
Erico,Erico,3
Erico,Érico,29
Erika,Érika,5
Erinaldo,Erinaldo,8
Erisvaldo,Erisvaldo,6
Erivaldo,Erivaldo,17
Erivan,Erivan,5
Erivelton,Erivelton,5
Erli,Erli,3
Erminio,Ermínio,3
Ernandes,Ernandes,4
Ernane,Ernane,6
Ernani,Ernani,9
Ernesto,Ernesto,7
Eronildo,Eronildo,4
Eros,Eros,3
Esio,Esio,4
Esio,Ésio,5
Esmeraldo,Esmeraldo,4
Espedito,Espedito,10
Estacio,Estácio,4
Estela,Estela,3
Ester,Ester,6
Estevam,Estevam,6
Estevao,Estevão,22
Estevao,Estêvão,3
Etelvino,Etelvino,3
Euclides,Euclides,18
Eudes,Eudes,11
Eufrasio,Eufrásio,9
Eugenia,Eugênia,4
Eugenio,Eugenio,8
Eugenio,Eugênio,83
Eujacio,Eujácio,4
Eulalia,Eulália,5
Eulalio,Eulálio,5
Eunapio,Eunápio,5
Eunice,Eunice,9
Eunicio,Eunício,3
Eurico,Eurico,7
Eurides,Eurides,3
Eurides,Eurídes,3
Euridice,Eurídice,3
Euripedes,Euripedes,8
Euripedes,Eurípedes,47
Eusebio,Eusébio,7
Eustaquio,Eustáquio,39
Euzebio,Euzébio,21
Eva,Eva,26
Evair,Evair,3
Evaldo,Evaldo,14
Evandro,Evandro,34
Evanildo,Evanildo,5
Evanio,Evânio,10
Evaristo,Evaristo,8
Everaldo,Everaldo,33
Everson,Everson,5
Everton,Everton,6
Evilasio,Evilásio,23
Expedito,Expedito,23
Exuperio,Exupério,3
Ezequias,Ezequias,5
Ezequiel,Ezequiel,8
Ezio,Ézio,22
Fabia,Fábia,9
Fabiano,Fabiano,22
Fabio,Fabio,33
Fabio,Fábio,422
Fabiola,Fabíola,7
Fabricia,Fabrícia,5
Fabricio,Fabricio,4
Fabricio,Fabrício,55
Fatima,Fatima,5
Fatima,Fátima,95
Fausto,Fausto,7
Felicio,Felício,10
Felipe,Felipe,21
Felisberto,Felisberto,3
Felix,Felix,4
Felix,Félix,36
Fernanda,Fernanda,4
Fernandes,Fernandes,5
Fernando,Fernando,228
Fidelcino,Fidelcino,3
Fidelis,Fidélis,4
Filomena,Filomena,6
Firmino,Firmino,5
Flaminio,Flamínio,3
Flavia,Flavia,8
Flavia,Flávia,48
Flaviano,Flaviano,4
Flavio,Flavio,15
Flavio,Flávio,362
Florencio,Florêncio,8
Floriano,Floriano,4
Florisvaldo,Florisvaldo,10
Francelino,Francelino,3
Franciane,Franciane,3
Francineide,Francineide,3
Francinete,Francinete,3
Francisca,Francisca,91
Francisco,Francisco,1129
Francivaldo,Francivaldo,5
Frank,Frank,6
Franklin,Franklin,5
Frederico,Frederico,12
Gabriel,Gabriel,24
Gardenia,Gardênia,4
Gaspar,Gaspar,4
Gastao,Gastão,11
Gaudencio,Gaudêncio,3
Gedeao,Gedeão,7
Gelasio,Gelásio,3
Gelson,Gelson,14
Genario,Genário,14
Genesio,Genésio,53
Genezio,Genézio,3
Geni,Geni,4
Genildo,Genildo,4
Genilson,Genilson,6
Genilton,Genilton,3
Genival,Genival,17
Genivaldo,Genivaldo,18
Gentil,Gentil,10
George,George,11
Georgia,Geórgia,4
Geova,Geová,10
Geovan,Geovan,3
Geovane,Geovane,5
Geovani,Geovani,4
Geralda,Geralda,9
Geraldina,Geraldina,3
Geraldo,Geraldo,307
Gerardo,Gerardo,8
Germano,Germano,5
Geroncio,Gerôncio,6
Geronimo,Gerônimo,6
Gerson,Gerson,40
Gerson,Gérson,11
Gervasio,Gervásio,39
Gesse,Gessé,16
Getulio,Getulio,8
Getulio,Getúlio,88
Giacomo,Giácomo,3
Gideao,Gideão,3
Gil,Gil,8
Gilberto,Gilberto,113
Gilcelia,Gilcélia,3
Gilcelio,Gilcélio,5
Gildasio,Gildasio,4
Gildasio,Gildásio,32
Gildecio,Gildécio,4
Gildesio,Gildésio,4
Gildete,Gildete,5
Gildo,Gildo,6
Gileno,Gileno,4
Gilmar,Gilmar,91
Gilmara,Gilmara,3
Gilmario,Gilmário,9
Gilnei,Gilnei,5
Gilson,Gilson,84
Gilvan,Gilvan,20
Gilvandro,Gilvandro,4
Gilvani,Gilvani,3
Gilvania,Gilvânia,9
Gilvanio,Gilvânio,8
Ginaldo,Ginaldo,4
Gino,Gino,4
Giovani,Giovani,8
Giovanni,Giovanni,4
Gisele,Gisele,4
Giselia,Giselia,3
Giselia,Gisélia,4
Givaldo,Givaldo,15
Givanildo,Givanildo,5
Glaucia,Gláucia,9
Glaucio,Gláucio,6
Glauco,Glauco,3
Gleison,Gleison,3
Glenio,Glênio,3
Glicerio,Glicério,4
Gloria,Glória,31
Godofredo,Godofredo,4
Goncalo,Gonçalo,40
Graca,Graça,3
Graciano,Graciano,3
Gregorio,Gregório,18
Grigorio,Grigório,4
Guido,Guido,9
Guilherme,Guilherme,32
Guimaraes,Guimarães,3
Gumercindo,Gumercindo,5
Gustavo,Gustavo,21
Gutemberg,Gutemberg,6
Hailton,Hailton,7
Hamilton,Hamilton,23
Haroldo,Haroldo,18
Heber,Heber,5
Heitor,Heitor,9
Helcias,Helcias,3
Helcio,Hélcio,20
Helder,Helder,8
Helena,Helena,24
Heleno,Heleno,11
Helia,Hélia,6
Helio,Helio,26
Helio,Hélio,448
Heloisa,Heloisa,5
Heloisa,Heloísa,16
Helton,Helton,6
Helvecio,Helvécio,16
Helvio,Helvio,5
Helvio,Hélvio,5
Henio,Hênio,3
Henrique,Henrique,37
Henry,Henry,4
Heraclito,Heráclito,4
Heraldo,Heraldo,4
Herbert,Herbert,4
Hercilio,Hercílio,15
Hercules,Hercules,6
Hercules,Hércules,11
Heriberto,Heriberto,3
Hermano,Hermano,5
Hermes,Hermes,11
Herminio,Hermínio,22
Hermogenes,Hermógenes,10
Hilario,Hilário,54
Hilda,Hilda,4
Hildebrando,Hildebrando,10
Hildo,Hildo,3
Hilma,Hilma,3
Hilton,Hilton,16
Hipolito,Hipólito,10
Homero,Homero,6
Honorato,Honorato,4
Honorio,Honório,16
Horacio,Horácio,31
Hortencia,Hortência,10
Hortencio,Hortêncio,4
Hudson,Hudson,5
Hugo,Hugo,18
Humberto,Humberto,40
Idalia,Idália,3
Ide,Idê,4
Idemar,Idemar,3
Ieda,Iêda,12
Iedo,Iêdo,4
Ignacio,Ignácio,3
Igor,Igor,3
Ilario,Ilário,20
Ilda,Ilda,5
Ildemar,Ildemar,3
Ildeu,Ildeu,5
Ildo,Ildo,9
Ilma,Ilma,3
Ilson,Ilson,8
Ilton,Ilton,6
Inacia,Inácia,12
Inacio,Inacio,6
Inacio,Inácio,97
Inaldo,Inaldo,6
Ines,Inês,42
Inesio,Inésio,3
Inez,Inêz,8
Inocencio,Inocêncio,12
Iolanda,Iolanda,8
Ione,Ione,5
Iracema,Iracema,11
Iraci,Iraci,8
Iracilda,Iracilda,3
Iraide,Iraíde,3
Iraja,Irajá,3
Iran,Iran,10
Irani,Irani,6
Iranildo,Iranildo,4
Iremar,Iremar,3
Irenaldo,Irenaldo,3
Irene,Irene,13
Ires,Ires,3
Irineu,Irineu,26
Iris,Iris,6
Iris,Íris,8
Iron,Iron,3
Ironi,Ironi,3
Isaac,Isaac,8
Isabel,Isabel,13
Isac,Isac,5
Isael,Isael,3
Isaias,Isaias,13
Isaias,Isaías,31
Isau,Isaú,4
Isis,Isis,3
Ismael,Ismael,21
Ismar,Ismar,4
Israel,Israel,18
Itacir,Itacir,3
Italo,Ítalo,10
Itamar,Itamar,26
Ivair,Ivair,11
Ivaldo,Ivaldo,14
Ivan,Ivan,51
Ivanete,Ivanete,3
Ivania,Ivânia,3
Ivanildo,Ivanildo,17
Ivanir,Ivanir,6
Ivanor,Ivanor,4
Ivete,Ivete,9
Ivo,Ivo,37
Ivone,Ivone,10
Ivonete,Ivonete,9
Izabel,Izabel,5
Izael,Izael,3
Izaias,Izaias,12
Izaias,Izaías,14
Izaque,Izaque,3
Izaura,Izaura,4
Izidio,Izídio,7
Izilda,Izilda,7
Jaci,Jaci,5
Jacinto,Jacinto,10
Jacir,Jacir,5
Jacira,Jacira,8
Jackson,Jackson,12
Jaco,Jacó,20
Jaconias,Jaconias,3
Jacy,Jacy,5
Jader,Jader,9
Jader,Jáder,4
Jadiel,Jadiel,3
Jadir,Jadir,11
Jadson,Jadson,4
Jaelson,Jaelson,3
Jafe,Jafé,3
Jailson,Jailson,15
Jailson,Jaílson,4
Jailton,Jailton,11
Jaime,Jaime,42
Jair,Jair,82
Jairo,Jairo,38
James,James,7
Jamil,Jamil,11
Janaina,Janaína,11
Jander,Jander,4
Jandir,Jandir,7
Jane,Jane,9
Janete,Janete,16
Jania,Jânia,4
Janildo,Janildo,3
Janilson,Janilson,6
Janio,Janio,8
Janio,Jânio,77
Januario,Januário,19
Jaqueline,Jaqueline,3
Jarbas,Jarbas,13
Jardel,Jardel,4
Jario,Jário,3
Jayme,Jayme,6
Jean,Jean,19
Jeferson,Jeferson,6
Jeferson,Jéferson,3
Jefferson,Jefferson,18
Jeosafa,Jeosafá,4
Jeova,Jeová,51
Jeremias,Jeremias,4
Jeronimo,Jerônimo,64
Jerry,Jerry,4
Jesse,Jessé,47
Jessica,Jéssica,7
Jesue,Jesué,3
Jesuino,Jesuíno,9
Jesus,Jesus,23
Jesus,Jésus,21
Jo,Jó,7
Joab,Joab,3
Joacir,Joacir,7
Joana,Joana,20
Joao,Joao,29
Joao,Jõao,4
Joao,Joáo,4
Joao,Joâo,13
Joao,João,6125
Joao,Joaõ,5
Joaozinho,Joãozinho,4
Joaozito,Joãozito,5
Joaquim,Joaquim,168
Joas,Joás,14
Job,Job,4
Jober,Jober,3
Jocelio,Jocélio,13
Jocimar,Jocimar,6
Joel,Joel,57
Joel,Joél,5
Joelcio,Joélcio,5
Joelio,Joélio,3
Joelma,Joelma,5
Joelson,Joelson,7
John,John,3
Jonas,Jonas,34
Jonatas,Jônatas,9
Jordao,Jordão,10
Jorge,Jorge,210
Jorio,Jório,3
Josafa,Josafá,44
Jose,Jose,278
Jose,José,19652
Joseane,Joseane,4
Josefa,Josefa,19
Josefina,Josefina,3
Joselia,Josélia,16
Joselino,Joselino,4
Joselio,Josélio,10
Joselito,Joselito,11
Josemar,Josemar,7
Josenildo,Josenildo,10
Josevaldo,Josevaldo,3
Josiane,Josiane,3
Josias,Josias,13
Josima,Josimá,3
Josimar,Josimar,10
Josivaldo,Josivaldo,6
Josoe,Josoé,6
Josue,Josue,3
Josue,Josué,228
Josuel,Josuel,5
Jovelino,Jovelino,5
Jovino,Jovino,5
Juares,Juarês,4
Juarez,Juarez,38
Juarez,Juarêz,4
Jucelia,Jucélia,7
Jucelino,Jucelino,6
Jucelio,Jucélio,15
Julia,Júlia,21
Juliana,Juliana,4
Juliane,Juliane,3
Juliano,Juliano,14
Juliao,Julião,10
Julieta,Julieta,4
Julio,Julio,56
Julio,Júlio,276
Julival,Julival,3
Junia,Júnia,5
Junio,Junio,5
Junio,Júnio,6
Junior,Junior,7
Junior,Júnior,14
Juracy,Juracy,7
Jurandi,Jurandi,5
Jurandir,Jurandir,25
Jurandy,Jurandy,3
Jurandyr,Jurandyr,3
Juscelino,Juscelino,21
Juscelio,Juscélio,5
Jussara,Jussara,6
Justina,Justina,4
Justino,Justino,5
Juvenal,Juvenal,20
Juvencio,Juvêncio,13
Juvenil,Juvenil,4
Karina,Karina,4
Karla,Karla,4
Katia,Katia,4
Katia,Kátia,52
Kelly,Kelly,3
Kenia,Kênia,4
Kerginaldo,Kerginaldo,3
Kleber,Kleber,9
Kleber,Kléber,6
Ladislau,Ladislau,3
Laecio,Laécio,6
Laercio,Laercio,10
Laercio,Laércio,150
Laerte,Laerte,11
Laide,Laíde,3
Lair,Lair,3
Lais,Lais,3
Lais,Laís,5
Lasaro,Lásaro,6
Laudelino,Laudelino,3
Laudemir,Laudemir,4
Laudiceia,Laudicéia,5
Laura,Laura,5
Laurentino,Laurentino,7
Lauri,Lauri,8
Laurindo,Laurindo,6
Lauro,Lauro,40
Lazara,Lázara,8
Lazaro,Lazaro,10
Lazaro,Lázaro,126
Lea,Léa,11
Leandra,Leandra,3
Leandro,Leandro,50
Leao,Leão,4
Lecio,Lécio,4
Leda,Lêda,15
Leia,Léia,8
Leila,Leila,16
Lelia,Lélia,4
Lelio,Lélio,11
Lelis,Lélis,3
Lenildo,Lenildo,4
Lenilson,Lenilson,4
Lenir,Lenir,3
Leny,Leny,3
Leo,Léo,23
Leocadio,Leocádio,9
Leomar,Leomar,8
Leonardo,Leonardo,43
Leoncio,Leoncio,3
Leoncio,Leôncio,18
Leonel,Leonel,12
Leonice,Leonice,5
Leonicio,Leonício,3
Leonidas,Leonidas,4
Leonidas,Leônidas,32
Leonidio,Leonídio,8
Leonildo,Leonildo,6
Leonir,Leonir,9
Leopoldino,Leopoldino,4
Leopoldo,Leopoldo,4
Leticia,Letícia,12
Levi,Levi,9
Levy,Levy,7
Liberio,Libério,7
Licerio,Licério,3
Lidia,Lídia,12
Lidio,Lidio,4
Lidio,Lídio,7
Ligia,Ligia,3
Ligia,Lígia,17
Lilian,Lilian,3
Liliane,Liliane,7
Lincoln,Lincoln,4
Lindolfo,Lindolfo,5
Lindomar,Lindomar,16
Lindoval,Lindoval,4
Lino,Lino,7
Lirio,Lírio,5
Livia,Lívia,5
Livio,Lívio,9
Lourdes,Lourdes,8
Lourenco,Lourenço,26
Lourival,Lourival,29
Lourivaldo,Lourivaldo,5
Luana,Luana,3
Lucas,Lucas,14
Lucelia,Lucélia,10
Lucelio,Lucélio,6
Lucia,Lucia,14
Lucia,Lúcia,143
Luciana,Luciana,15
Luciane,Luciane,3
Luciano,Luciano,88
Lucidio,Lucídio,7
Luciene,Luciene,6
Lucileia,Luciléia,3
Lucilene,Lucilene,4
Lucilia,Lucília,3
Lucilio,Lucílio,6
Lucimar,Lucimar,15
Lucimario,Lucimário,4
Lucinea,Lucinéa,4
Lucineia,Lucinéia,10
Lucio,Lucio,12
Lucio,Lúcio,93
Lucivania,Lucivânia,3
Lucrecia,Lucrécia,4
Lucrecio,Lucrécio,5
Luis,Luis,130
Luis,Luís,197
Luiz,Luiz,644
Luiz,Luíz,41
Luiza,Luiza,16
Luiza,Luíza,5
Lupercio,Lupércio,3
Lurdes,Lurdes,4
Luzia,Luzia,28
Luzimar,Luzimar,3
Maciel,Maciel,3
Macio,Mácio,3
Maercio,Maércio,5
Magalhaes,Magalhães,3
Magno,Magno,11
Magnolia,Magnólia,11
Maicon,Maicon,4
Maisa,Maisa,3
Maisa,Maísa,5
Mamedio,Mamédio,6
Manasses,Manassés,8
Manoel,Manoel,415
Manuel,Manuel,23
Mara,Mara,16
Marcal,Marçal,6
Marcel,Marcel,5
Marcelino,Marcelino,8
Marcello,Marcello,3
Marcelo,Marcelo,147
Marcia,Marcia,22
Marcia,Márcia,198
Marciano,Marciano,8
Marcilio,Marcilio,4
Marcilio,Marcílio,35
Marcio,Marcio,76
Marcio,Márcio,506
Marco,Marco,287
Marcondes,Marcondes,4
Marcone,Marcone,3
Marconi,Marconi,5
Marcos,Marcos,554
Marcus,Marcus,57
Mardonio,Mardônio,12
Margareth,Margareth,7
Margarida,Margarida,13
Maria,Maria,2525
Mariana,Mariana,3
Mariangela,Mariângela,9
Mariano,Mariano,13
Marilda,Marilda,3
Marildo,Marildo,4
Marileia,Mariléia,3
Marilene,Marilene,11
Marilia,Marília,32
Marilu,Marilú,6
Marina,Marina,12
Marinaldo,Marinaldo,8
Marinalva,Marinalva,5
Marines,Marinês,9
Marinete,Marinete,3
Marinez,Marinêz,3
Marinezio,Marinézio,4
Marinho,Marinho,4
Marino,Marino,7
Mario,Mario,63
Mario,Mário,549
Marisa,Marisa,13
Maristela,Maristela,6
Marival,Marival,4
Marivaldo,Marivaldo,5
Mariza,Mariza,10
Marizelia,Marizélia,3
Marizete,Marizete,4
Marlei,Marlei,3
Marlene,Marlene,35
Marli,Marli,24
Marlon,Marlon,5
Marlos,Marlos,4
Marlucia,Marlúcia,9
Marlucio,Marlúcio,8
Marly,Marly,11
Marta,Marta,24
Martha,Martha,4
Martinho,Martinho,9
Mary,Mary,6
Mateus,Mateus,9
Matilde,Matilde,3
Matusalem,Matusalém,9
Matuzalem,Matuzalém,3
Maura,Maura,4
Mauri,Mauri,9
Mauricia,Maurícia,3
Mauricio,Mauricio,27
Mauricio,Maurício,249
Maurilio,Maurilio,3
Maurilio,Maurílio,53
Mauro,Mauro,123
Max,Max,4
Maximo,Máximo,8
Maycon,Maycon,3
Meire,Meire,3
Merces,Mercês,3
Mercia,Mércia,10
Messias,Messias,12
Michel,Michel,5
Miguel,Miguel,102
Milena,Milena,3
Militao,Militão,5
Milton,Milton,94
Miqueias,Miquéias,3
Miriam,Miriam,6
Miriam,Míriam,3
Mirian,Mirian,12
Misael,Misael,5
Moaci,Moaci,3
Moacir,Moacir,42
Moacyr,Moacyr,6
Moises,Moises,9
Moises,Moisés,179
Moizes,Moizés,5
Monica,Monica,6
Monica,Mônica,53
Moyses,Moysés,18
Mozart,Mozart,4
Mucio,Múcio,11
Murilo,Murilo,11
Nabor,Nabor,3
Nadia,Nádia,11
Nadir,Nadir,11
Nadja,Nadja,3
Nair,Nair,8
Napoleao,Napoleão,17
Nara,Nara,7
Narciso,Narciso,4
Nascimento,Nascimento,3
Natal,Natal,8
Natalia,Natália,14
Natalicio,Natalicio,4
Natalicio,Natalício,17
Natalino,Natalino,12
Natalio,Natálio,4
Natanael,Natanael,13
Nazare,Nazaré,10
Nazareno,Nazareno,3
Nazario,Nazário,5
Nedio,Nédio,9
Nei,Nei,13
Neide,Neide,16
Neilson,Neilson,3
Neilton,Neilton,6
Neiva,Neiva,4
Nelci,Nelci,6
Neli,Neli,4
Nelia,Nélia,6
Nelio,Nélio,33
Nelson,Nelson,107
Nelson,Nélson,11
Nemesio,Nemésio,5
Nereu,Nereu,3
Neri,Neri,8
Nerio,Nério,4
Nestor,Nestor,16
Neuma,Neuma,3
Neusa,Neusa,10
Neuton,Neuton,3
Neuza,Neuza,11
Newton,Newton,8
Ney,Ney,8
Niceia,Nicéia,4
Nicolau,Nicolau,6
Nilcea,Nilcéa,3
Nilceia,Nilcéia,4
Nilda,Nilda,4
Nildo,Nildo,7
Nilmar,Nilmar,3
Nilo,Nilo,19
Nilson,Nilson,78
Nilton,Nilton,90
Nilza,Nilza,10
Nilzo,Nilzo,3
Nivaldo,Nivaldo,35
Nivia,Nívia,4
Nixon,Nixon,3
Noe,Noé,52
Noel,Noel,4
Noeli,Noeli,5
Noelia,Noélia,8
Noemia,Noêmia,9
Norberto,Norberto,11
Norival,Norival,4
Norma,Norma,10
Normando,Normando,3
Normelio,Normélio,3
Nubia,Nubia,3
Nubia,Núbia,24
Ocimar,Ocimar,5
Octavio,Octávio,8
Odacir,Odacir,4
Odair,Odair,64
Odecio,Odécio,5
Odelio,Odélio,4
Odete,Odete,3
Odilio,Odílio,4
Odilon,Odilon,15
Odineia,Odinéia,3
Odir,Odir,3
Ofelia,Ofélia,3
Olavio,Olávio,4
Olavo,Olavo,9
Oldair,Oldair,4
Oldemar,Oldemar,3
Olegario,Olegário,16
Olga,Olga,6
Olicio,Olício,5
Olimpio,Olimpio,5
Olimpio,Olímpio,24
Olinda,Olinda,3
Olivar,Olivar,3
Oliverio,Olivério,3
Olivia,Olívia,6
Olivio,Olívio,11
Omar,Omar,5
Onelio,Onélio,3
Onesimo,Onésimo,3
Onesio,Onésio,5
Onezio,Onézio,6
Onildo,Onildo,7
Onivaldo,Onivaldo,3
Onofre,Onofre,16
Onorio,Onório,4
Oracio,Orácio,5
Orelio,Orélio,3
Orival,Orival,3
Orivaldo,Orivaldo,9
Orlando,Orlando,50
Ormindo,Ormindo,4
Ornelio,Ornélio,3
Ortencio,Ortêncio,3
Oscar,Oscar,24
Oseas,Oséas,7
Oseias,Oséias,9
Osires,Osires,3
Osmair,Osmair,3
Osmar,Osmar,51
Osmario,Osmário,14
Osmir,Osmir,4
Osni,Osni,9
Osorio,Osório,25
Osvaldo,Osvaldo,90
Oswaldo,Oswaldo,13
Otacilia,Otacília,3
Otacilio,Otacílio,33
Otalicio,Otalício,4
Otavia,Otávia,3
Otaviano,Otaviano,3
Otavio,Otavio,4
Otavio,Otávio,97
Otilia,Otília,4
Otilio,Otílio,5
Ovidio,Ovidio,3
Ovidio,Ovídio,17
Ozeas,Ozéas,7
Ozeias,Ozéias,12
Ozias,Ozias,5
Oziel,Oziel,3
Ozorio,Ozório,7
Pablo,Pablo,5
Pacifico,Pacífico,5
Pascoal,Pascoal,6
Patricia,Patricia,5
Patricia,Patrícia,76
Patricio,Patricio,3
Patricio,Patrício,9
Patrocinio,Patrocínio,4
Paula,Paula,5
Paulino,Paulino,5
Paulo,Paulo,1043
Pedro,Pedro,389
Percio,Pércio,5
Pericles,Péricles,21
Perpetua,Perpétua,6
Petronio,Petrônio,19
Petrucio,Petrúcio,7
Pitagoras,Pitágoras,3
Placido,Plácido,7
Plinio,Plinio,4
Plinio,Plínio,24
Pompilio,Pompílio,3
Porfirio,Porfírio,6
Procopio,Procópio,4
Protasio,Protásio,5
Quiteria,Quitéria,14
Rafael,Rafael,35
Raimunda,Raimunda,31
Raimundo,Raimundo,356
Ramao,Ramão,22
Ramiro,Ramiro,5
Ramon,Ramon,3
Ranulfo,Ranulfo,3
Raphael,Raphael,5
Raquel,Raquel,12
Raul,Raul,19
Regina,Regina,62
Reginaldo,Reginaldo,64
Regis,Régis,17
Reinaldo,Reinaldo,63
Remi,Remi,4
Renaldo,Renaldo,3
Renan,Renan,4
Renata,Renata,7
Renato,Renato,81
Rene,René,5
Rene,Renê,30
Reni,Reni,5
Renilda,Renilda,3
Renilson,Renilson,4
Renivaldo,Renivaldo,3
Reynaldo,Reynaldo,4
Ricardo,Ricardo,133
Richard,Richard,4
Rildo,Rildo,9
Rinaldo,Rinaldo,12
Rita,Rita,122
Rivail,Rivail,3
Rivaldavio,Rivaldávio,3
Rivaldo,Rivaldo,9
Rivelino,Rivelino,3
Roberio,Robério,47
Robert,Robert,6
Roberto,Roberto,157
Roberval,Roberval,3
Robson,Robson,32
Rodolfo,Rodolfo,12
Rodrigo,Rodrigo,49
Rogelio,Rogélio,5
Roger,Roger,4
Rogeria,Rogéria,11
Rogerio,Rogerio,17
Rogerio,Rogério,461
Roldao,Roldão,6
Romao,Romão,6
Romario,Romário,37
Romero,Romero,7
Romeu,Romeu,9
Romildo,Romildo,18
Romilson,Romilson,3
Romilton,Romilton,3
Romualdo,Romualdo,8
Romulo,Romulo,4
Romulo,Rômulo,55
Ronald,Ronald,4
Ronaldo,Ronaldo,98
Ronan,Ronan,4
Ronei,Ronei,4
Ronildo,Ronildo,6
Ronilson,Ronilson,3
Ronivaldo,Ronivaldo,5
Roosevelt,Roosevelt,3
Roque,Roque,29
Rosa,Rosa,35
Rosalia,Rosália,12
Rosalina,Rosalina,4
Rosalvo,Rosalvo,7
Rosana,Rosana,20
Rosane,Rosane,5
Rosangela,Rosangela,8
Rosangela,Rosângela,108
Rosaria,Rosária,5
Rosario,Rosário,4
Roseli,Roseli,15
Roselia,Rosélia,9
Rosely,Rosely,3
Rosemary,Rosemary,5
Rosemberg,Rosemberg,4
Rosemeire,Rosemeire,3
Rosendo,Rosendo,3
Rosiane,Rosiane,3
Rosilda,Rosilda,3
Rosilea,Rosiléa,3
Rosilene,Rosilene,4
Rosimar,Rosimar,5
Rosimeire,Rosimeire,5
Rosinaldo,Rosinaldo,4
Rosineia,Rosinéia,3
Rosineide,Rosineide,5
Rubem,Rubem,4
Rubens,Rubens,54
Rui,Rui,24
Rumao,Rumão,4
Rutenio,Rutênio,3
Ruth,Ruth,5
Ruy,Ruy,14
Sabino,Sabino,3
Sadi,Sadi,5
Salatiel,Salatiel,6
Salesio,Salésio,13
Salete,Salete,4
Salim,Salim,4
Salmo,Salmo,3
Salomao,Salomão,43
Salvador,Salvador,20
Salvio,Sálvio,8
Samia,Sâmia,3
Samuel,Samuel,29
Sandoval,Sandoval,3
Sandra,Sandra,50
Sandro,Sandro,45
Sansao,Sansão,6
Santo,Santo,8
Santos,Santos,4
Sara,Sara,3
Saturnino,Saturnino,6
Saulo,Saulo,12
Saverio,Savério,4
Savio,Sávio,18
Sebastiana,Sebastiana,13
Sebastiao,Sebastiao,6
Sebastiao,Sebastião,1583
Selma,Selma,8
Selmo,Selmo,6
Serafim,Serafim,4
Sergio,Sergio,42
Sergio,Sérgio,732
Servulo,Sérvulo,3
Severiano,Severiano,3
Severina,Severina,5
Severino,Severino,110
Sidinei,Sidinei,8
Sidnei,Sidnei,19
Sidneia,Sidnéia,4
Sidney,Sidney,17
Silas,Silas,12
Silene,Silene,4
Silvan,Silvan,4
Silvana,Silvana,13
Silvania,Silvania,3
Silvania,Silvânia,10
Silvanio,Silvanio,6
Silvanio,Silvânio,8
Silvano,Silvano,5
Silverio,Silvério,35
Silvestre,Silvestre,3
Silvia,Silvia,13
Silvia,Sílvia,13
Silvino,Silvino,3
Silvio,Silvio,70
Silvio,Sílvio,77
Simao,Simão,29
Simeao,Simeão,5
Simiao,Simião,9
Simone,Simone,14
Simplicio,Simplício,4
Sinesio,Sinésio,14
Sinezio,Sinézio,3
Sinval,Sinval,4
Sirio,Sírio,3
Sirlei,Sirlei,5
Sirlene,Sirlene,3
Sirley,Sirley,4
Sivaldo,Sivaldo,4
Socrates,Sócrates,3
Solange,Solange,19
Solimar,Solimar,4
Sonia,Sonia,21
Sonia,Sônia,144
Soraya,Soraya,5
Sostenes,Sóstenes,3
Stelio,Stélio,5
Stenio,Stênio,4
Sueli,Sueli,15
Suelio,Suélio,3
Suely,Suely,16
Suzana,Suzana,4
Sylvio,Sylvio,4
Tacio,Tácio,6
Tacito,Tácito,3
Tadeu,Tadeu,12
Tais,Taís,4
Tania,Tania,8
Tania,Tânia,110
Tarcisio,Tarcisio,10
Tarcisio,Tarcísio,50
Tarciso,Tarciso,3
Tarcizio,Tarcizio,3
Tarcizio,Tarcízio,3
Tassio,Tássio,3
Tatiana,Tatiana,5
Telma,Telma,8
Telmo,Telmo,4
Tenorio,Tenório,6
Teofilo,Teófilo,19
Teotonio,Teotônio,3
Tercilio,Tercílio,3
Tercio,Tércio,11
Teresinha,Teresinha,8
Tereza,Tereza,9
Terezinha,Terezinha,35
Thais,Thaís,6
Thiago,Thiago,18
Thomaz,Thomaz,3
Tiago,Tiago,12
Tiberio,Tibério,4
Tiburcio,Tibúrcio,3
Timoteo,Timóteo,3
Tito,Tito,5
Tomas,Tomás,11
Tomaz,Tomaz,5
Tome,Tomé,14
Tony,Tony,5
Tristao,Tristão,3
Tulio,Tulio,4
Tulio,Túlio,15
Turibio,Turíbio,3
Uberlandio,Uberlândio,3
Ubiracy,Ubiracy,3
Ubirajara,Ubirajara,12
Ubirata,Ubiratã,3
Ubiratan,Ubiratan,7
Uilson,Uilson,7
Ulisses,Ulisses,14
Urbano,Urbano,9
Vagner,Vagner,19
Valcir,Valcir,9
Valdeci,Valdeci,30
Valdeci,Valdecí,5
Valdecir,Valdecir,24
Valdecy,Valdecy,8
Valdei,Valdei,3
Valdeir,Valdeir,10
Valdelicio,Valdelício,4
Valdemar,Valdemar,28
Valdemir,Valdemir,19
Valdemiro,Valdemiro,14
Valdeni,Valdeni,3
Valdenicio,Valdenício,3
Valdenir,Valdenir,9
Valder,Valder,3
Valderi,Valderi,5
Valdete,Valdete,7
Valdevino,Valdevino,6
Valdimir,Valdimir,3
Valdimiro,Valdimiro,3
Valdinei,Valdinei,9
Valdineia,Valdinéia,6
Valdir,Valdir,77
Valdivino,Valdivino,18
Valdivio,Valdívio,4
Valdo,Valdo,6
Valdomiro,Valdomiro,17
Valentim,Valentim,3
Valeria,Valeria,3
Valeria,Valéria,70
Valerio,Valério,30
Valfredo,Valfredo,5
Valmi,Valmi,3
Valmir,Valmir,67
Valmor,Valmor,11
Valquiria,Valquiria,4
Valquiria,Valquíria,15
Valtair,Valtair,5
Valter,Valter,42
Valto,Valto,3
Vander,Vander,9
Vanderlei,Vanderlei,43
Vanderleia,Vanderléia,9
Vanderley,Vanderley,7
Vanderlucio,Vanderlúcio,4
Vanderson,Vanderson,4
Vandre,Vandré,4
Vanessa,Vanessa,5
Vania,Vania,5
Vania,Vânia,58
Vanildo,Vanildo,3
Vanilton,Vanilton,6
Vanio,Vânio,9
Vantuir,Vantuir,3
Venancio,Venâncio,12
Venicio,Venício,9
Vera,Vera,195
Vera,Véra,3
Veralucia,Veralúcia,5
Verissimo,Veríssimo,6
Veronica,Verônica,36
Vicencia,Vicência,5
Vicente,Vicente,67
Victor,Victor,7
Victorio,Victório,4
Vilma,Vilma,16
Vilmar,Vilmar,23
Vilson,Vilson,36
Vinicius,Vinicius,7
Vinicius,Vinícius,26
Virgilio,Virgílio,19
Virginia,Virgínia,10
Virginio,Virgínio,3
Vital,Vital,5
Vitor,Vitor,29
Vitor,Vítor,9
Vitoria,Vitória,18
Vitorio,Vitório,27
Vivaldino,Vivaldino,3
Vivaldo,Vivaldo,5
Viviane,Viviane,3
Vladimir,Vladimir,4
Volmir,Volmir,7
Volnei,Volnei,8
Wagner,Wagner,51
Walber,Walber,3
Waldemar,Waldemar,14
Waldemir,Waldemir,6
Waldir,Waldir,31
Waldivino,Waldivino,3
Waldomiro,Waldomiro,8
Waldyr,Waldyr,3
Walker,Walker,3
Walmir,Walmir,10
Walter,Walter,64
Wander,Wander,8
Wanderlei,Wanderlei,9
Wanderley,Wanderley,16
Wanderson,Wanderson,13
Wania,Wânia,3
Washington,Washington,32
Weber,Weber,7
Wedson,Wedson,3
Welington,Welington,5
Wellington,Wellington,32
Wemerson,Wemerson,3
Wenceslau,Wenceslau,3
Wesley,Wesley,4
William,William,10
Willian,Willian,9
Wilmar,Wilmar,8
Wilson,Wilson,118
Wilton,Wilton,12
Wladimir,Wladimir,6
Yara,Yara,3
Zacarias,Zacarias,7
Zaqueu,Zaqueu,3
Zelia,Zélia,51
Zelio,Zélio,9
Zenaide,Zenaide,5
Zenobio,Zenóbio,9
Zila,Zilá,10
Zilda,Zilda,3
Zuleide,Zuleide,5
